{
    "root_group": {
        "groups": {},
        "checks": {
                "status code is 200": {
                    "passes": 89,
                    "fails": 0,
                    "name": "status code is 200",
                    "path": "::status code is 200",
                    "id": "67273a3878e5de0e52cbb3fc1a7fb615"
                }
            },
        "name": "",
        "path": "",
        "id": "d41d8cd98f00b204e9800998ecf8427e"
    },
    "metrics": {
        "http_reqs": {
            "count": 178,
            "rate": 15.997089608146796
        },
        "data_received": {
            "rate": 98336.98570255622,
            "count": 1094198
        },
        "vus": {
            "max": 10,
            "value": 9,
            "min": 9
        },
        "vus_max": {
            "value": 10,
            "min": 10,
            "max": 10
        },
        "http_req_sending": {
            "p(95)": 0.08905000000000003,
            "avg": 0.1274550561797751,
            "min": 0.008,
            "med": 0.024,
            "max": 8.505,
            "p(90)": 0.07
        },
        "http_req_waiting": {
            "avg": 96.01426404494379,
            "min": 54.248,
            "med": 66.83250000000001,
            "max": 210.577,
            "p(90)": 160.76690000000002,
            "p(95)": 175.6843
        },
        "http_req_duration": {
            "max": 210.844,
            "p(90)": 161.7285,
            "p(95)": 176.1773,
            "avg": 97.51223033707863,
            "min": 54.571,
            "med": 87.596,
            "thresholds": {
                "p(95)<500": false
            }
        },
        "iteration_duration": {
            "min": 1118.208625,
            "med": 1197.370171,
            "max": 1652.342303,
            "p(90)": 1619.3252584,
            "p(95)": 1622.009323,
            "avg": 1238.293926651686
        },
        "iterations": {
            "count": 89,
            "rate": 7.998544804073398
        },
        "http_req_failed": {
            "passes": 0,
            "fails": 178,
            "thresholds": {
                "rate<0.01": false
            },
            "value": 0
        },
        "data_sent": {
            "count": 22661,
            "rate": 2036.5733011809805
        },
        "http_req_blocked": {
            "avg": 19.694938202247187,
            "min": 0.002,
            "med": 0.007,
            "max": 318.686,
            "p(90)": 64.973,
            "p(95)": 266.42260000000005
        },
        "http_req_receiving": {
            "avg": 1.3705112359550562,
            "min": 0.097,
            "med": 0.477,
            "max": 34.014,
            "p(90)": 1.4314000000000002,
            "p(95)": 1.6610000000000005
        },
        "checks": {
            "passes": 89,
            "fails": 0,
            "value": 1
        },
        "K6PageVisits": {
            "count": 89,
            "rate": 7.998544804073398
        },
        "http_req_duration{expected_response:true}": {
            "p(95)": 176.1773,
            "avg": 97.51223033707863,
            "min": 54.571,
            "med": 87.596,
            "max": 210.844,
            "p(90)": 161.7285
        },
        "http_req_connecting": {
            "avg": 3.7815505617977525,
            "min": 0,
            "med": 0,
            "max": 34.737,
            "p(90)": 31.43000000000002,
            "p(95)": 34.21275
        },
        "http_req_tls_handshaking": {
            "med": 0,
            "max": 285.354,
            "p(90)": 0,
            "p(95)": 235.56705000000002,
            "avg": 14.180595505617976,
            "min": 0
        }
    }
}